<table name="New Coppers">
	<AssetUpdates id="19336" version="5.4" provider="modworkshop" use_local_dir="true" use_local_path="true"/>
	<Hooks directory="Hooks">
		<hook file="charactertweakdata.lua" source_file="lib/tweak_data/charactertweakdata"/>
		<hook file="copbrain.lua" source_file="lib/units/enemies/cop/copbrain"/>
		<hook file="groupaitweakdata.lua" source_file="lib/tweak_data/groupaitweakdata"/>
		<hook file="copmovement.lua" source_file="lib/units/enemies/cop/copmovement"/>
		<hook file="searchkey.lua" source_file="lib/network/matchmaking/networkmatchmakingsteam"/>
		<hook file="voice_core.lua" source_file="lib/entry"/>
	</Hooks>
	<AddFiles directory="Assets">

	<object path="units/pd2_mod_nc/ene_gensec_heavygunner/ene_gensec_heavygunner" force="false"/>
	<cooked_physics path="units/pd2_mod_nc/ene_gensec_heavygunner/ene_gensec_heavygunner" force="false"/>
	<model path="units/pd2_mod_nc/ene_gensec_heavygunner/ene_gensec_heavygunner" force="false"/>
	<unit path="units/pd2_mod_nc/ene_gensec_heavygunner/ene_gensec_heavygunner" force="false" load="true"/>
	<material_config path="units/pd2_mod_nc/ene_gensec_heavygunner/ene_gensec_heavygunner" force="false"/>
	<material_config path="units/pd2_mod_nc/ene_gensec_heavygunner/ene_gensec_heavygunner_contour" force="true"/>
	<unit path="units/pd2_mod_nc/ene_gensec_heavygunner/ene_gensec_heavygunner_husk" force="false" load="true"/>
	<texture path="units/pd2_mod_nc/ene_gensec_heavygunner/body_df" force="false"/>
	<texture path="units/pd2_mod_nc/ene_gensec_heavygunner/body_nm" force="false"/>
	<texture path="units/pd2_mod_nc/ene_gensec_heavygunner/head_df" force="false"/>
	<texture path="units/pd2_mod_nc/ene_gensec_heavygunner/head_nm" force="false"/>

	<object path="units/pd2_mod_nc/ene_gensec_sgt/ene_gensec_sgt" force="false"/>
	<cooked_physics path="units/pd2_mod_nc/ene_gensec_sgt/ene_gensec_sgt" force="false"/>
	<model path="units/pd2_mod_nc/ene_gensec_sgt/ene_gensec_sgt" force="false"/>
	<unit path="units/pd2_mod_nc/ene_gensec_sgt/ene_gensec_sgt" force="false" load="true"/>
	<material_config path="units/pd2_mod_nc/ene_gensec_sgt/ene_gensec_sgt" force="false"/>
	<material_config path="units/pd2_mod_nc/ene_gensec_sgt/ene_gensec_sgt_contour" force="true"/>
	<unit path="units/pd2_mod_nc/ene_gensec_sgt/ene_gensec_sgt_husk" force="false" load="true"/>
	<texture path="units/pd2_mod_nc/ene_gensec_sgt/body_df" force="false"/>
	<texture path="units/pd2_mod_nc/ene_gensec_sgt/body_nm" force="false"/>
	<texture path="units/pd2_mod_nc/ene_gensec_sgt/head_df" force="false"/>
	<texture path="units/pd2_mod_nc/ene_gensec_sgt/head_nm" force="false"/>
	<texture path="units/pd2_mod_nc/ene_gensec_sgt/gasmask_df" force="false"/>
	<texture path="units/pd2_mod_nc/ene_gensec_sgt/gasmask_nm" force="false"/>

	<object path="units/pd2_mod_nc/ene_acc_zeal_swat_helmet/ene_acc_zeal_swat_helmet" force="false"/>
	<cooked_physics path="units/pd2_mod_nc/ene_acc_zeal_swat_helmet/ene_acc_zeal_swat_helmet" force="false"/>
	<model path="units/pd2_mod_nc/ene_acc_zeal_swat_helmet/ene_acc_zeal_swat_helmet" force="false"/>
	<unit path="units/pd2_mod_nc/ene_acc_zeal_swat_helmet/ene_acc_zeal_swat_helmet" force="false" load="true"/>
	<material_config path="units/pd2_mod_nc/ene_acc_zeal_swat_helmet/ene_acc_zeal_swat_helmet" force="false"/>
	
	<object path="units/pd2_mod_nc/ene_city_swat_4/ene_city_swat_4" force="false"/>
	<cooked_physics path="units/pd2_mod_nc/ene_city_swat_4/ene_city_swat_4" force="false"/>
	<model path="units/pd2_mod_nc/ene_city_swat_4/ene_city_swat_4" force="false"/>
	<unit path="units/pd2_mod_nc/ene_city_swat_4/ene_city_swat_4" force="false" load="true"/>
	<material_config path="units/pd2_mod_nc/ene_city_swat_4/ene_city_swat_4" force="false"/>
	<material_config path="units/pd2_mod_nc/ene_city_swat_4/ene_city_swat_4_contour" force="true"/>
	<unit path="units/pd2_mod_nc/ene_city_swat_4/ene_city_swat_4_husk" force="false" load="true"/>

	<object path="units/pd2_mod_nc/ene_fbi_4/ene_fbi_4" force="false"/>
	<cooked_physics path="units/pd2_mod_nc/ene_fbi_4/ene_fbi_4" force="false"/>
	<model path="units/pd2_mod_nc/ene_fbi_4/ene_fbi_4" force="false"/>
	<unit path="units/pd2_mod_nc/ene_fbi_4/ene_fbi_4" force="false" load="true"/>
	<material_config path="units/pd2_mod_nc/ene_fbi_4/ene_fbi_4" force="false"/>
	<material_config path="units/pd2_mod_nc/ene_fbi_4/ene_fbi_4_contour" force="true"/>
	<unit path="units/pd2_mod_nc/ene_fbi_4/ene_fbi_4_husk" force="false" load="true"/>
	<texture path="units/pd2_mod_nc/ene_fbi_4/body_df" force="false"/>
	<texture path="units/pd2_mod_nc/ene_fbi_4/head_df" force="false"/>

	<object path="units/pd2_mod_nc/ene_groundsniper_1/ene_groundsniper_1" force="false"/>
	<cooked_physics path="units/pd2_mod_nc/ene_groundsniper_1/ene_groundsniper_1" force="false"/>
	<model path="units/pd2_mod_nc/ene_groundsniper_1/ene_groundsniper_1" force="false"/>
	<unit path="units/pd2_mod_nc/ene_groundsniper_1/ene_groundsniper_1" force="false" load="true"/>
	<material_config path="units/pd2_mod_nc/ene_groundsniper_1/ene_groundsniper_1" force="false"/>
	<material_config path="units/pd2_mod_nc/ene_groundsniper_1/ene_groundsniper_1_contour" force="true"/>
	<unit path="units/pd2_mod_nc/ene_groundsniper_1/ene_groundsniper_1_husk" force="false" load="true"/>

	<object path="units/pd2_mod_nc/ene_groundsniper_2/ene_groundsniper_2" force="false"/>
	<cooked_physics path="units/pd2_mod_nc/ene_groundsniper_2/ene_groundsniper_2" force="false"/>
	<model path="units/pd2_mod_nc/ene_groundsniper_2/ene_groundsniper_2" force="false"/>
	<unit path="units/pd2_mod_nc/ene_groundsniper_2/ene_groundsniper_2" force="false" load="true"/>
	<material_config path="units/pd2_mod_nc/ene_groundsniper_2/ene_groundsniper_2" force="false"/>
	<material_config path="units/pd2_mod_nc/ene_groundsniper_2/ene_groundsniper_2_contour" force="true"/>
	<unit path="units/pd2_mod_nc/ene_groundsniper_2/ene_groundsniper_2_husk" force="false" load="true"/>

	<object path="units/pd2_mod_nc/ene_tazer_2/ene_tazer_2" force="false"/>
	<cooked_physics path="units/pd2_mod_nc/ene_tazer_2/ene_tazer_2" force="false"/>
	<model path="units/pd2_mod_nc/ene_tazer_2/ene_tazer_2" force="false"/>
	<unit path="units/pd2_mod_nc/ene_tazer_2/ene_tazer_2" force="false" load="true"/>
	<material_config path="units/pd2_mod_nc/ene_tazer_2/ene_tazer_2" force="false"/>
	<material_config path="units/pd2_mod_nc/ene_tazer_2/ene_tazer_2_contour" force="true"/>
	<unit path="units/pd2_mod_nc/ene_tazer_2/ene_tazer_2_husk" force="false" load="true"/>
	<texture path="units/pd2_mod_nc/ene_tazer_2/head_df" force="false"/>
	<texture path="units/pd2_mod_nc/ene_tazer_2/head_nm" force="false"/>
	<texture path="units/pd2_mod_nc/ene_tazer_2/body_df" force="false"/>

	<object path="units/pd2_mod_nc/ene_gensec_heavygunner2/ene_gensec_heavygunner2" force="false"/>
	<cooked_physics path="units/pd2_mod_nc/ene_gensec_heavygunner2/ene_gensec_heavygunner2" force="false"/>
	<model path="units/pd2_mod_nc/ene_gensec_heavygunner2/ene_gensec_heavygunner2" force="false"/>
	<unit path="units/pd2_mod_nc/ene_gensec_heavygunner2/ene_gensec_heavygunner2" force="false" load="true"/>
	<material_config path="units/pd2_mod_nc/ene_gensec_heavygunner2/ene_gensec_heavygunner2" force="false"/>
	<material_config path="units/pd2_mod_nc/ene_gensec_heavygunner2/ene_gensec_heavygunner2_contour" force="true"/>
	<unit path="units/pd2_mod_nc/ene_gensec_heavygunner2/ene_gensec_heavygunner2_husk" force="false" load="true"/>
	<texture path="units/pd2_mod_nc/ene_gensec_heavygunner2/body_df" force="false"/>
	<texture path="units/pd2_mod_nc/ene_gensec_heavygunner2/body_nm" force="false"/>
	<texture path="units/pd2_mod_nc/ene_gensec_heavygunner2/head_df" force="false"/>
	<texture path="units/pd2_mod_nc/ene_gensec_heavygunner2/head_nm" force="false"/>

	<object path="units/pd2_mod_nc/ene_fbi_5/ene_fbi_5" force="false"/>
	<cooked_physics path="units/pd2_mod_nc/ene_fbi_5/ene_fbi_5" force="false"/>
	<model path="units/pd2_mod_nc/ene_fbi_5/ene_fbi_5" force="false"/>
	<unit path="units/pd2_mod_nc/ene_fbi_5/ene_fbi_5" force="false" load="true"/>
	<material_config path="units/pd2_mod_nc/ene_fbi_5/ene_fbi_5" force="false"/>
	<material_config path="units/pd2_mod_nc/ene_fbi_5/ene_fbi_5_contour" force="true"/>
	<unit path="units/pd2_mod_nc/ene_fbi_5/ene_fbi_5_husk" force="false" load="true"/>

	<object path="units/pd2_mod_nc/ene_heavymedic_1/ene_heavymedic_1" force="false"/>
	<cooked_physics path="units/pd2_mod_nc/ene_heavymedic_1/ene_heavymedic_1" force="false"/>
	<model path="units/pd2_mod_nc/ene_heavymedic_1/ene_heavymedic_1" force="false"/>
	<unit path="units/pd2_mod_nc/ene_heavymedic_1/ene_heavymedic_1" force="false" load="true"/>
	<material_config path="units/pd2_mod_nc/ene_heavymedic_1/ene_heavymedic_1" force="false"/>
	<material_config path="units/pd2_mod_nc/ene_heavymedic_1/ene_heavymedic_1_contour" force="true"/>
	<unit path="units/pd2_mod_nc/ene_heavymedic_1/ene_heavymedic_1_husk" force="false" load="true"/>
	<texture path="units/pd2_mod_nc/ene_heavymedic_1/body_df" force="false"/>
	<texture path="units/pd2_mod_nc/ene_heavymedic_1/head_df" force="false"/>
	<texture path="units/pd2_mod_nc/ene_heavymedic_1/gasmask_df" force="false"/>
	<texture path="units/pd2_mod_nc/ene_heavymedic_1/gasmask_nm" force="false"/>

	<object path="units/pd2_mod_nc/ene_zeal_taser/ene_zeal_taser" force="false"/>
	<cooked_physics path="units/pd2_mod_nc/ene_zeal_taser/ene_zeal_taser" force="false"/>
	<model path="units/pd2_mod_nc/ene_zeal_taser/ene_zeal_taser" force="false"/>
	<unit path="units/pd2_mod_nc/ene_zeal_taser/ene_zeal_taser" force="false" load="true"/>
	<material_config path="units/pd2_mod_nc/ene_zeal_taser/ene_zeal_taser" force="false"/>
	<material_config path="units/pd2_mod_nc/ene_zeal_taser/ene_zeal_taser_contour" force="true"/>
	<unit path="units/pd2_mod_nc/ene_zeal_taser/ene_zeal_taser_husk" force="false" load="true"/>
	<texture path="units/pd2_mod_nc/ene_zeal_taser/body_df" force="false"/>
	<texture path="units/pd2_mod_nc/ene_zeal_taser/swat_heavy_nm" force="false"/>
	<texture path="units/pd2_mod_nc/ene_zeal_taser/head_nm" force="false"/>
	<texture path="units/pd2_mod_nc/ene_zeal_taser/head_df" force="false"/>

	<object path="units/pd2_mod_nc/ene_police_heavygunner/ene_police_heavygunner" force="false"/>
	<cooked_physics path="units/pd2_mod_nc/ene_police_heavygunner/ene_police_heavygunner" force="false"/>
	<model path="units/pd2_mod_nc/ene_police_heavygunner/ene_police_heavygunner" force="false"/>
	<unit path="units/pd2_mod_nc/ene_police_heavygunner/ene_police_heavygunner" force="false" load="true"/>
	<material_config path="units/pd2_mod_nc/ene_police_heavygunner/ene_police_heavygunner" force="false"/>
	<material_config path="units/pd2_mod_nc/ene_police_heavygunner/ene_police_heavygunner_contour" force="true"/>
	<unit path="units/pd2_mod_nc/ene_police_heavygunner/ene_police_heavygunner_husk" force="false" load="true"/>
	<texture path="units/pd2_mod_nc/ene_police_heavygunner/swat_body_df" force="false"/>
	<texture path="units/pd2_mod_nc/ene_police_heavygunner/helmets_atlas_df" force="false"/>
	
	<object path="units/pd2_mod_nc/ene_dhs_1/ene_dhs_1" force="false"/>
	<cooked_physics path="units/pd2_mod_nc/ene_dhs_1/ene_dhs_1" force="false"/>
	<model path="units/pd2_mod_nc/ene_dhs_1/ene_dhs_1" force="false"/>
	<unit path="units/pd2_mod_nc/ene_dhs_1/ene_dhs_1" force="false" load="true"/>
	<material_config path="units/pd2_mod_nc/ene_dhs_1/ene_dhs_1" force="false"/>
	<material_config path="units/pd2_mod_nc/ene_dhs_1/ene_dhs_1_contour" force="true"/>
	<unit path="units/pd2_mod_nc/ene_dhs_1/ene_dhs_1_husk" force="false" load="true"/>
	<texture path="units/pd2_mod_nc/ene_dhs_1/dhs_df" force="false"/>

	<object path="units/pd2_mod_nc/ene_dhs_2/ene_dhs_2" force="false"/>
	<cooked_physics path="units/pd2_mod_nc/ene_dhs_2/ene_dhs_2" force="false"/>
	<model path="units/pd2_mod_nc/ene_dhs_2/ene_dhs_2" force="false"/>
	<unit path="units/pd2_mod_nc/ene_dhs_2/ene_dhs_2" force="false" load="true"/>
	<material_config path="units/pd2_mod_nc/ene_dhs_2/ene_dhs_2" force="false"/>
	<material_config path="units/pd2_mod_nc/ene_dhs_2/ene_dhs_2_contour" force="true"/>
	<unit path="units/pd2_mod_nc/ene_dhs_2/ene_dhs_2_husk" force="false" load="true"/>

	<object path="units/pd2_mod_nc/ene_dhs_3/ene_dhs_3" force="false"/>
	<cooked_physics path="units/pd2_mod_nc/ene_dhs_3/ene_dhs_3" force="false"/>
	<model path="units/pd2_mod_nc/ene_dhs_3/ene_dhs_3" force="false"/>
	<unit path="units/pd2_mod_nc/ene_dhs_3/ene_dhs_3" force="false" load="true"/>
	<material_config path="units/pd2_mod_nc/ene_dhs_3/ene_dhs_3" force="false"/>
	<material_config path="units/pd2_mod_nc/ene_dhs_3/ene_dhs_3_contour" force="true"/>
	<unit path="units/pd2_mod_nc/ene_dhs_3/ene_dhs_3_husk" force="false" load="true"/>
	<texture path="units/pd2_mod_nc/ene_dhs_3/head_df" force="false"/>

	<object path="units/pd2_mod_nc/ene_acc_dhs_cap/ene_acc_dhs_cap" force="false"/>
	<cooked_physics path="units/pd2_mod_nc/ene_acc_dhs_cap/ene_acc_dhs_cap" force="false"/>
	<model path="units/pd2_mod_nc/ene_acc_dhs_cap/ene_acc_dhs_cap" force="false"/>
	<unit path="units/pd2_mod_nc/ene_acc_dhs_cap/ene_acc_dhs_cap" force="false" load="true"/>
	<material_config path="units/pd2_mod_nc/ene_acc_dhs_cap/ene_acc_dhs_cap" force="false"/>

	<object path="units/pd2_mod_nc/ene_zeal_medic/ene_zeal_medic" force="false"/>
	<cooked_physics path="units/pd2_mod_nc/ene_zeal_medic/ene_zeal_medic" force="false"/>
	<model path="units/pd2_mod_nc/ene_zeal_medic/ene_zeal_medic" force="false"/>
	<unit path="units/pd2_mod_nc/ene_zeal_medic/ene_zeal_medic" force="false" load="true"/>
	<material_config path="units/pd2_mod_nc/ene_zeal_medic/ene_zeal_medic" force="false"/>
	<material_config path="units/pd2_mod_nc/ene_zeal_medic/ene_zeal_medic_contour" force="true"/>
	<unit path="units/pd2_mod_nc/ene_zeal_medic/ene_zeal_medic_husk" force="false" load="true"/>
	<texture path="units/pd2_mod_nc/ene_zeal_medic/medic_df" force="false"/>
	<texture path="units/pd2_mod_nc/ene_zeal_medic/ene_medic_head_df" force="false"/>
	<texture path="units/pd2_mod_nc/ene_zeal_medic/ene_medic_head_nm" force="false"/>

	<object path="units/pd2_mod_nc/ene_dhs_4/ene_dhs_4" force="false"/>
	<cooked_physics path="units/pd2_mod_nc/ene_dhs_4/ene_dhs_4" force="false"/>
	<model path="units/pd2_mod_nc/ene_dhs_4/ene_dhs_4" force="false"/>
	<unit path="units/pd2_mod_nc/ene_dhs_4/ene_dhs_4" force="false" load="true"/>
	<material_config path="units/pd2_mod_nc/ene_dhs_4/ene_dhs_4" force="false"/>
	<material_config path="units/pd2_mod_nc/ene_dhs_4/ene_dhs_4_contour" force="true"/>
	<unit path="units/pd2_mod_nc/ene_dhs_4/ene_dhs_4_husk" force="false" load="true"/>
	<texture path="units/pd2_mod_nc/ene_dhs_4/dhs_female_df" force="false"/>

	<object path="units/pd2_mod_nc/ene_zeal_medic_shtgn/ene_zeal_medic_shtgn" force="false"/>
	<cooked_physics path="units/pd2_mod_nc/ene_zeal_medic_shtgn/ene_zeal_medic_shtgn" force="false"/>
	<model path="units/pd2_mod_nc/ene_zeal_medic_shtgn/ene_zeal_medic_shtgn" force="false"/>
	<unit path="units/pd2_mod_nc/ene_zeal_medic_shtgn/ene_zeal_medic_shtgn" force="false" load="true"/>
	<material_config path="units/pd2_mod_nc/ene_zeal_medic_shtgn/ene_zeal_medic_shtgn" force="false"/>
	<material_config path="units/pd2_mod_nc/ene_zeal_medic_shtgn/ene_zeal_medic_shtgn_contour" force="true"/>
	<unit path="units/pd2_mod_nc/ene_zeal_medic_shtgn/ene_zeal_medic_shtgn_husk" force="false" load="true"/>

	<object path="units/pd2_mod_ng/ene_ntl_groundsniper/ene_ntl_groundsniper" force="false"/>
	<cooked_physics path="units/pd2_mod_ng/ene_ntl_groundsniper/ene_ntl_groundsniper" force="false"/>
	<model path="units/pd2_mod_ng/ene_ntl_groundsniper/ene_ntl_groundsniper" force="false"/>
	<unit path="units/pd2_mod_ng/ene_ntl_groundsniper/ene_ntl_groundsniper" force="false" load="true"/>
	<material_config path="units/pd2_mod_ng/ene_ntl_groundsniper/ene_ntl_groundsniper" force="false"/>
	<material_config path="units/pd2_mod_ng/ene_ntl_groundsniper/ene_ntl_groundsniper_contour" force="true"/>
	<unit path="units/pd2_mod_ng/ene_ntl_groundsniper/ene_ntl_groundsniper_husk" force="false" load="true"/>

	<object path="units/pd2_mod_ng/ene_ntl_benelli/ene_ntl_benelli" force="false"/>
	<cooked_physics path="units/pd2_mod_ng/ene_ntl_benelli/ene_ntl_benelli" force="false"/>
	<model path="units/pd2_mod_ng/ene_ntl_benelli/ene_ntl_benelli" force="false"/>
	<unit path="units/pd2_mod_ng/ene_ntl_benelli/ene_ntl_benelli" force="false" load="true"/>
	<material_config path="units/pd2_mod_ng/ene_ntl_benelli/ene_ntl_benelli" force="false"/>
	<material_config path="units/pd2_mod_ng/ene_ntl_benelli/ene_ntl_benelli_contour" force="true"/>
	<unit path="units/pd2_mod_ng/ene_ntl_benelli/ene_ntl_benelli_husk" force="false" load="true"/>

	<object path="units/pd2_mod_ng/ene_ntl_swat_1/ene_ntl_swat_1" force="false"/>
	<cooked_physics path="units/pd2_mod_ng/ene_ntl_swat_1/ene_ntl_swat_1" force="false"/>
	<model path="units/pd2_mod_ng/ene_ntl_swat_1/ene_ntl_swat_1" force="false"/>
	<unit path="units/pd2_mod_ng/ene_ntl_swat_1/ene_ntl_swat_1" force="false" load="true"/>
	<material_config path="units/pd2_mod_ng/ene_ntl_swat_1/ene_ntl_swat_1" force="false"/>
	<material_config path="units/pd2_mod_ng/ene_ntl_swat_1/ene_ntl_swat_1_contour" force="true"/>
	<unit path="units/pd2_mod_ng/ene_ntl_swat_1/ene_ntl_swat_1_husk" force="false" load="true"/>

	<object path="units/pd2_mod_ng/ene_ntl_swat_2/ene_ntl_swat_2" force="false"/>
	<cooked_physics path="units/pd2_mod_ng/ene_ntl_swat_2/ene_ntl_swat_2" force="false"/>
	<model path="units/pd2_mod_ng/ene_ntl_swat_2/ene_ntl_swat_2" force="false"/>
	<unit path="units/pd2_mod_ng/ene_ntl_swat_2/ene_ntl_swat_2" force="false" load="true"/>
	<material_config path="units/pd2_mod_ng/ene_ntl_swat_2/ene_ntl_swat_2" force="false"/>
	<material_config path="units/pd2_mod_ng/ene_ntl_swat_2/ene_ntl_swat_2_contour" force="true"/>
	<unit path="units/pd2_mod_ng/ene_ntl_swat_2/ene_ntl_swat_2_husk" force="false" load="true"/>

	<object path="units/pd2_mod_ng/ene_ntl_swat_3/ene_ntl_swat_3" force="false"/>
	<cooked_physics path="units/pd2_mod_ng/ene_ntl_swat_3/ene_ntl_swat_3" force="false"/>
	<model path="units/pd2_mod_ng/ene_ntl_swat_3/ene_ntl_swat_3" force="false"/>
	<unit path="units/pd2_mod_ng/ene_ntl_swat_3/ene_ntl_swat_3" force="false" load="true"/>
	<material_config path="units/pd2_mod_ng/ene_ntl_swat_3/ene_ntl_swat_3" force="false"/>
	<material_config path="units/pd2_mod_ng/ene_ntl_swat_3/ene_ntl_swat_3_contour" force="true"/>
	<unit path="units/pd2_mod_ng/ene_ntl_swat_3/ene_ntl_swat_3_husk" force="false" load="true"/>

	<object path="units/pd2_mod_ng/ene_ntl_heavyswat/ene_ntl_heavyswat" force="false"/>
	<cooked_physics path="units/pd2_mod_ng/ene_ntl_heavyswat/ene_ntl_heavyswat" force="false"/>
	<model path="units/pd2_mod_ng/ene_ntl_heavyswat/ene_ntl_heavyswat" force="false"/>
	<unit path="units/pd2_mod_ng/ene_ntl_heavyswat/ene_ntl_heavyswat" force="false" load="true"/>
	<material_config path="units/pd2_mod_ng/ene_ntl_heavyswat/ene_ntl_heavyswat" force="false"/>
	<material_config path="units/pd2_mod_ng/ene_ntl_heavyswat/ene_ntl_heavyswat_contour" force="true"/>
	<unit path="units/pd2_mod_ng/ene_ntl_heavyswat/ene_ntl_heavyswat_husk" force="false" load="true"/>

	<object path="units/pd2_mod_ng/ene_ntl_heavyshotgun/ene_ntl_heavyshotgun" force="false"/>
	<cooked_physics path="units/pd2_mod_ng/ene_ntl_heavyshotgun/ene_ntl_heavyshotgun" force="false"/>
	<model path="units/pd2_mod_ng/ene_ntl_heavyshotgun/ene_ntl_heavyshotgun" force="false"/>
	<unit path="units/pd2_mod_ng/ene_ntl_heavyshotgun/ene_ntl_heavyshotgun" force="false" load="true"/>
	<material_config path="units/pd2_mod_ng/ene_ntl_heavyshotgun/ene_ntl_heavyshotgun" force="false"/>
	<material_config path="units/pd2_mod_ng/ene_ntl_heavyshotgun/ene_ntl_heavyshotgun_contour" force="true"/>
	<unit path="units/pd2_mod_ng/ene_ntl_heavyshotgun/ene_ntl_heavyshotgun_husk" force="false" load="true"/>

	<object path="units/pd2_mod_ng/ene_ntl_medic/ene_ntl_medic" force="false"/>
	<cooked_physics path="units/pd2_mod_ng/ene_ntl_medic/ene_ntl_medic" force="false"/>
	<model path="units/pd2_mod_ng/ene_ntl_medic/ene_ntl_medic" force="false"/>
	<unit path="units/pd2_mod_ng/ene_ntl_medic/ene_ntl_medic" force="false" load="true"/>
	<material_config path="units/pd2_mod_ng/ene_ntl_medic/ene_ntl_medic" force="false"/>
	<material_config path="units/pd2_mod_ng/ene_ntl_medic/ene_ntl_medic_contour" force="true"/>
	<unit path="units/pd2_mod_ng/ene_ntl_medic/ene_ntl_medic_husk" force="false" load="true"/>

	<object path="units/pd2_mod_ng/ene_ntl_shield/ene_ntl_shield" force="false"/>
	<cooked_physics path="units/pd2_mod_ng/ene_ntl_shield/ene_ntl_shield" force="false"/>
	<model path="units/pd2_mod_ng/ene_ntl_shield/ene_ntl_shield" force="false"/>
	<unit path="units/pd2_mod_ng/ene_ntl_shield/ene_ntl_shield" force="false" load="true"/>
	<material_config path="units/pd2_mod_ng/ene_ntl_shield/ene_ntl_shield" force="false"/>
	<material_config path="units/pd2_mod_ng/ene_ntl_shield/ene_ntl_shield_contour" force="true"/>
	<unit path="units/pd2_mod_ng/ene_ntl_shield/ene_ntl_shield_husk" force="false" load="true"/>

	<object path="units/pd2_mod_ng/ene_ntl_taser/ene_ntl_taser" force="false"/>
	<cooked_physics path="units/pd2_mod_ng/ene_ntl_taser/ene_ntl_taser" force="false"/>
	<model path="units/pd2_mod_ng/ene_ntl_taser/ene_ntl_taser" force="false"/>
	<unit path="units/pd2_mod_ng/ene_ntl_taser/ene_ntl_taser" force="false" load="true"/>
	<material_config path="units/pd2_mod_ng/ene_ntl_taser/ene_ntl_taser" force="false"/>
	<material_config path="units/pd2_mod_ng/ene_ntl_taser/ene_ntl_taser_contour" force="true"/>
	<unit path="units/pd2_mod_ng/ene_ntl_taser/ene_ntl_taser_husk" force="false" load="true"/>

	<texture path="units/pd2_mod_ng/shared_textures/helmets_atlas_df" force="false"/>
	<texture path="units/pd2_mod_ng/shared_textures/national_guard_1_df" force="false"/>
	<texture path="units/pd2_mod_ng/shared_textures/national_guard_1_nm" force="false"/>
	<texture path="units/pd2_mod_ng/shared_textures/national_guard_2_df" force="false"/>
	<texture path="units/pd2_mod_ng/shared_textures/national_guard_3_df" force="false"/>
	<texture path="units/pd2_mod_ng/shared_textures/national_guard_face_2_df" force="false"/>
	<texture path="units/pd2_mod_ng/shared_textures/national_guard_face_df" force="false"/>
	<texture path="units/pd2_mod_ng/shared_textures/national_guard_face_nm" force="false"/>
	<texture path="units/pd2_mod_ng/shared_textures/s10_df" force="false"/>
	<texture path="units/pd2_mod_ng/shared_textures/s10_nm" force="false"/>
	<texture path="units/pd2_mod_ng/shared_textures/ntl_hat_df" force="false"/>
	<texture path="units/pd2_mod_ng/shared_textures/ntl_hat_nm" force="false"/>
	<texture path="units/pd2_mod_ng/shared_textures/ntl_helmet_df" force="false"/>
	<texture path="units/pd2_mod_ng/shared_textures/ntl_helmet_nm" force="false"/>
	<texture path="units/pd2_mod_ng/shared_textures/ntl_medic_helmet_df" force="false"/>
	<texture path="units/pd2_mod_ng/shared_textures/national_guard_medic_df" force="false"/>
	<texture path="units/pd2_mod_ng/shared_textures/ntl_taser_body_df" force="false"/>
	<texture path="units/pd2_mod_ng/shared_textures/ntl_taser_atlas_df" force="false"/>

	<object path="units/pd2_mod_nc/ene_police_female/ene_police_female" force="false"/>
	<cooked_physics path="units/pd2_mod_nc/ene_police_female/ene_police_female" force="false"/>
	<model path="units/pd2_mod_nc/ene_police_female/ene_police_female" force="false"/>
	<unit path="units/pd2_mod_nc/ene_police_female/ene_police_female" force="false" load="true"/>
	<material_config path="units/pd2_mod_nc/ene_police_female/ene_police_female" force="false"/>
	<material_config path="units/pd2_mod_nc/ene_police_female/ene_police_female_contour" force="true"/>
	<unit path="units/pd2_mod_nc/ene_police_female/ene_police_female_husk" force="false" load="true"/>
	<texture path="units/pd2_mod_nc/ene_police_female/police_df" force="false"/>
	<texture path="units/pd2_mod_nc/ene_police_female/police_nm" force="false"/>

	<object path="units/pd2_mod_nc/ene_city_swat_female/ene_city_swat_female" force="false"/>
	<cooked_physics path="units/pd2_mod_nc/ene_city_swat_female/ene_city_swat_female" force="false"/>
	<model path="units/pd2_mod_nc/ene_city_swat_female/ene_city_swat_female" force="false"/>
	<unit path="units/pd2_mod_nc/ene_city_swat_female/ene_city_swat_female" force="false" load="true"/>
	<material_config path="units/pd2_mod_nc/ene_city_swat_female/ene_city_swat_female" force="false"/>
	<material_config path="units/pd2_mod_nc/ene_city_swat_female/ene_city_swat_female_contour" force="true"/>
	<unit path="units/pd2_mod_nc/ene_city_swat_female/ene_city_swat_female_husk" force="false" load="true"/>
	<texture path="units/pd2_mod_nc/ene_city_swat_female/fem_swat_head_df" force="false"/>
	<texture path="units/pd2_mod_nc/ene_city_swat_female/fem_swat_head_nm" force="false"/>

	<object path="units/pd2_mod_nc/ene_swat_female/ene_swat_female" force="false"/>
	<cooked_physics path="units/pd2_mod_nc/ene_swat_female/ene_swat_female" force="false"/>
	<model path="units/pd2_mod_nc/ene_swat_female/ene_swat_female" force="false"/>
	<unit path="units/pd2_mod_nc/ene_swat_female/ene_swat_female" force="false" load="true"/>
	<material_config path="units/pd2_mod_nc/ene_swat_female/ene_swat_female" force="false"/>
	<material_config path="units/pd2_mod_nc/ene_swat_female/ene_swat_female_contour" force="true"/>
	<unit path="units/pd2_mod_nc/ene_swat_female/ene_swat_female_husk" force="false" load="true"/>
	<texture path="units/pd2_mod_nc/ene_swat_female/fem_swat_head_df" force="false"/>
	<texture path="units/pd2_mod_nc/ene_swat_female/fem_swat_head_nm" force="false"/>

	<object path="units/pd2_mod_nc/ene_fbi_swat_female/ene_fbi_swat_female" force="false"/>
	<cooked_physics path="units/pd2_mod_nc/ene_fbi_swat_female/ene_fbi_swat_female" force="false"/>
	<model path="units/pd2_mod_nc/ene_fbi_swat_female/ene_fbi_swat_female" force="false"/>
	<unit path="units/pd2_mod_nc/ene_fbi_swat_female/ene_fbi_swat_female" force="false" load="true"/>
	<material_config path="units/pd2_mod_nc/ene_fbi_swat_female/ene_fbi_swat_female" force="false"/>
	<material_config path="units/pd2_mod_nc/ene_fbi_swat_female/ene_fbi_swat_female_contour" force="true"/>
	<unit path="units/pd2_mod_nc/ene_fbi_swat_female/ene_fbi_swat_female_husk" force="false" load="true"/>
	<texture path="units/pd2_mod_nc/ene_fbi_swat_female/female_head_df" force="false"/>
	<texture path="units/pd2_mod_nc/ene_fbi_swat_female/female_head_nm" force="false"/>

	<object path="units/pd2_mod_nc/ene_fbi_6/ene_fbi_6" force="false"/>
	<cooked_physics path="units/pd2_mod_nc/ene_fbi_6/ene_fbi_6" force="false"/>
	<model path="units/pd2_mod_nc/ene_fbi_6/ene_fbi_6" force="false"/>
	<unit path="units/pd2_mod_nc/ene_fbi_6/ene_fbi_6" force="false" load="true"/>
	<material_config path="units/pd2_mod_nc/ene_fbi_6/ene_fbi_6" force="false"/>
	<material_config path="units/pd2_mod_nc/ene_fbi_6/ene_fbi_6_contour" force="true"/>
	<unit path="units/pd2_mod_nc/ene_fbi_6/ene_fbi_6_husk" force="false" load="true"/>

	<object path="units/pd2_mod_mk/ene_heavygunner/ene_heavygunner" force="false"/>
	<cooked_physics path="units/pd2_mod_mk/ene_heavygunner/ene_heavygunner" force="false"/>
	<model path="units/pd2_mod_mk/ene_heavygunner/ene_heavygunner" force="false"/>
	<unit path="units/pd2_mod_mk/ene_heavygunner/ene_heavygunner" force="false" load="true"/>
	<material_config path="units/pd2_mod_mk/ene_heavygunner/ene_heavygunner" force="false"/>
	<material_config path="units/pd2_mod_mk/ene_heavygunner/ene_heavygunner_contour" force="true"/>
	<unit path="units/pd2_mod_mk/ene_heavygunner/ene_heavygunner_husk" force="false" load="true"/>

	<object path="units/pd2_mod_mk/ene_heavygunner2/ene_heavygunner2" force="false"/>
	<cooked_physics path="units/pd2_mod_mk/ene_heavygunner2/ene_heavygunner2" force="false"/>
	<model path="units/pd2_mod_mk/ene_heavygunner2/ene_heavygunner2" force="false"/>
	<unit path="units/pd2_mod_mk/ene_heavygunner2/ene_heavygunner2" force="false" load="true"/>
	<material_config path="units/pd2_mod_mk/ene_heavygunner2/ene_heavygunner2" force="false"/>
	<material_config path="units/pd2_mod_mk/ene_heavygunner2/ene_heavygunner2_contour" force="true"/>
	<unit path="units/pd2_mod_mk/ene_heavygunner2/ene_heavygunner2_husk" force="false" load="true"/>

	<object path="units/pd2_mod_mk/ene_murky_hrt_1/ene_murky_hrt_1" force="false"/>
	<cooked_physics path="units/pd2_mod_mk/ene_murky_hrt_1/ene_murky_hrt_1" force="false"/>
	<model path="units/pd2_mod_mk/ene_murky_hrt_1/ene_murky_hrt_1" force="false"/>
	<unit path="units/pd2_mod_mk/ene_murky_hrt_1/ene_murky_hrt_1" force="false" load="true"/>
	<material_config path="units/pd2_mod_mk/ene_murky_hrt_1/ene_murky_hrt_1" force="false"/>
	<material_config path="units/pd2_mod_mk/ene_murky_hrt_1/ene_murky_hrt_1_contour" force="true"/>
	<unit path="units/pd2_mod_mk/ene_murky_hrt_1/ene_murky_hrt_1_husk" force="false" load="true"/>

	<object path="units/pd2_mod_mk/ene_murky_hrt_2/ene_murky_hrt_2" force="false"/>
	<cooked_physics path="units/pd2_mod_mk/ene_murky_hrt_2/ene_murky_hrt_2" force="false"/>
	<model path="units/pd2_mod_mk/ene_murky_hrt_2/ene_murky_hrt_2" force="false"/>
	<unit path="units/pd2_mod_mk/ene_murky_hrt_2/ene_murky_hrt_2" force="false" load="true"/>
	<material_config path="units/pd2_mod_mk/ene_murky_hrt_2/ene_murky_hrt_2" force="false"/>
	<material_config path="units/pd2_mod_mk/ene_murky_hrt_2/ene_murky_hrt_2_contour" force="true"/>
	<unit path="units/pd2_mod_mk/ene_murky_hrt_2/ene_murky_hrt_2_husk" force="false" load="true"/>

	<texture path="units/pd2_mod_mk/shared_textures/gunner_df" force="false"/>
	<texture path="units/pd2_mod_mk/shared_textures/gunner_shotgun_df" force="false"/>
	<texture path="units/pd2_mod_mk/shared_textures/hrt_df" force="false"/>
		

	</AddFiles>
</table>